inception_date,currency,risk_classification,min_initial_participation,remarks,min_additional_participation,min_maintaining_balance,min_holding_period,cutoff_time_for_participationredemption,settlement_date,trust_fee_structure,early_redemption_fee,benchmark,fund_name,classification,navpu,bank,url,ytd
2006-12-04,PHP,Aggressive,25000.0,,10000.0,25000.0,30,12:00 PM,T + 3,1.25% PA,1.00% of the Principal,		,AB CAPITAL EQUITY FUND,Equity Fund,2.797781,AB Capital Asset Management,https://www.uitf.com.ph/daily_navpu_details.php?fund_id=185&bank_id=29,1.9004
2015-12-11,PHP,Balanced,10000.0,,10000.0,10000.0,30,02:30 PM,Three (3) banking days after notice of redemption is received (T + 3),1.00% p.a.,1.00% of the Original Participation Amount ,PSEi 					,BDO ESG EQUITY FUND,Equity Fund,96.833,"BDO Unibank, Inc.",https://www.uitf.com.ph/daily_navpu_details.php?fund_id=266&bank_id=6,-4.2677
2013-10-18,PHP,Balanced,10000.0,,10000.0,10000.0,30,02:30 PM,Three (3) banking days after the notice of redemption is received (T + 3),1.50% p.a.,1.00% of the Original Participation Amount,PSEi												,BDO FOCUSED EQUITY FUND,Equity Fund,76.2938,"BDO Unibank, Inc.",https://www.uitf.com.ph/daily_navpu_details.php?fund_id=198&bank_id=6,-4.2428
2013-10-18,PHP,Balanced,10000.0,,10000.0,10000.0,30,02:30 PM,Three (3) banking days after the notice of redemption is received (T + 3),1.25% p.a.,1.00% of the Original Participation Amount,PSEi																		,BDO DIVIDEND FUND,Equity Fund,89.675,"BDO Unibank, Inc.",https://www.uitf.com.ph/daily_navpu_details.php?fund_id=197&bank_id=6,-3.7943
2005-05-03,PHP,Balanced,10000.0,,10000.0,10000.0,30,02:30 PM,Three (3) banking days after notice of redemption is received (T + 3),1.00% p.a.,1.00% of the Original Participation Amount,PSEi																,BDO EQUITY FUND,Equity Fund,362.1472,"BDO Unibank, Inc.",https://www.uitf.com.ph/daily_navpu_details.php?fund_id=126&bank_id=6,-4.981
2005-06-15,PHP,Balanced,1000.0,,1000.0,0.0,30,02:30 PM,Three (3) banking days after notice of redemption is received (T + 3),1.00% p.a.,0.50% of the Original Participation Amount,PSEi										,BDO INSTITUTIONAL EQUITY FUND,Equity Fund,4227.4594,"BDO Unibank, Inc.",https://www.uitf.com.ph/daily_navpu_details.php?fund_id=127&bank_id=6,-4.6451
2015-04-08,PHP,Aggressive,10000.0,,1000.0,10000.0,30,11:30 AM,4,1.50% p.a. based on the Net Asset Value (NAV) accrued daily,5% of the redeemed amount,90% of the Philippine Stock Exchange Index (PSEi) and 10% of the one month yield based on the PHP BVAL														,DIVERSITY DIVIDEND FOCUSED FUND,Equity Fund,0.643203,Bank of Commerce,https://www.uitf.com.ph/daily_navpu_details.php?fund_id=252&bank_id=5,-4.0917
2021-02-17,PHP,Aggressive,200000000.0,,50.0,200000000.0,0,03:00 PM,"Subscription: T + 0 business days, Redemption: T + 3 business days",0.60% p.a.,none,Philippine Stock Exchange Index						,ATRAM Philippine Sustainable Development and Growth Fund (Y Unit Class),Equity Fund,98.931906,ATRAM Trust Corporation,https://www.uitf.com.ph/daily_navpu_details.php?fund_id=405&bank_id=31,-7.732
2021-02-17,PHP,Aggressive,50.0,,50.0,50.0,0,03:00 PM,"Subscription: T + 0 business days, Redemption: T + 3 business days",1.75% p.a.,none,Philippine Stock Exchange Index						,ATRAM Philippine Sustainable Development and Growth Fund (A Unit Class),Equity Fund,94.882174,ATRAM Trust Corporation,https://www.uitf.com.ph/daily_navpu_details.php?fund_id=404&bank_id=31,-8.6126
2006-05-04,PHP,Aggressive,10000.0,,1000.0,10000.0,30,12:00 PM,T + 3 days,1.25% per annum based on the Net Asset Value (NAV),0.50% of amount redeemed,90-day yield of the Philippine Stock Exchange Index (PSEi) ,Equity Investment Trust Fund,Equity Fund,249.67,Asia United Bank,https://www.uitf.com.ph/daily_navpu_details.php?fund_id=159&bank_id=4,-4.3007
2017-09-18,PHP,Aggressive,1000.0,,1000.0,1000.0,0,02:00 PM,T+3 Banking Days,1.50% as a % p.a. of the NAV,,Philippine Stock Exchange Index (PSEi)																					,Manulife Equity Wealth Fund (Class A),Equity Fund,0.7399,Manulife Investment Management and Trust Corporation,https://www.uitf.com.ph/daily_navpu_details.php?fund_id=315&bank_id=39,-5.3715
2014-04-08,PHP,Aggressive,1000.0,,1000.0,1000.0,30,01:30 PM,T+3,1.5%,5%,"			Philippine
Stock
Exchange
Index and
30-Day
Average
Special
Savings Rate
(net).					",LANDBANK High Dividend Equity Fund,Equity Fund,0.87134,LandBank of the Philippines,https://www.uitf.com.ph/daily_navpu_details.php?fund_id=467&bank_id=9,-2.5021
2022-09-30,PHP,Aggressive,1000.0,,1000.0,1000.0,30,01:30 PM,T+3,.75%,5%,"		Philippine
Stock
Exchange
Index and
30-Day
Average
Special
Savings Rate
(net).				",LANDBANK Blue Chip Equity Fund,Equity Fund,0.96547,LandBank of the Philippines,https://www.uitf.com.ph/daily_navpu_details.php?fund_id=464&bank_id=9,-1.4931
2007-01-15,PHP,Aggressive,1000.0,,1000.0,1000.0,30,01:30 PM,T+3,1.75%,5%,"		Philippine
Stock
Exchange
Index and
30-Day
Average
Special
Savings Rate
(net)		",LANDBANK Alpha Equity Fund,Equity Fund,3.064662,LandBank of the Philippines,https://www.uitf.com.ph/daily_navpu_details.php?fund_id=461&bank_id=9,-4.7927
2016-08-01,PHP,Aggressive,5000.0,,1000.0,5000.0,30,12:00 PM,T+3,1.50%,25% of net earnings (P500 minimum),"Percentage change of the closing PSEi, or in its absence, any available relevant or similar benchmark
		",LANDBANK Equity Fund,Equity Fund,0.795981,LandBank of the Philippines,https://www.uitf.com.ph/daily_navpu_details.php?fund_id=283&bank_id=9,-1.9899
2015-06-26,PHP,Aggressive,5000.0,,1000.0,5000.0,30,12:00 PM,T+3,1.0% per annum based on the Net Asset Value (NAV) of the Fund before trust fee for the day,1.0% of the amount redeemed,95% Philippine Stock Exchange Index (PSEi) + 5% Bloomberg Phil Sovereign Bond Index Money Market (BPHILMM)												,CHINA BANK HIGH DIVIDEND EQUITY FUND,Equity Fund,1.019497,China Banking Corporation,https://www.uitf.com.ph/daily_navpu_details.php?fund_id=256&bank_id=7,-3.6659
2013-06-11,PHP,Aggressive,5000.0,,1000.0,5000.0,30,12:00 PM,T+3,1.0% based on NAV before trust fee for the day,1.0% of redemption proceeds,95% Philippine Stock Exchange Index (PSEi) + 5% Bloomberg Phil Sovereign Bond Index Money Market (BPHILMM)�� ���												,CHINA BANK EQUITY FUND,Equity Fund,1.155178,China Banking Corporation,https://www.uitf.com.ph/daily_navpu_details.php?fund_id=188&bank_id=7,-3.292
2013-08-16,PHP,Aggressive,1000.0,,0.0,1000.0,0,02:00 PM,Subscription: T+0; Redemption: T+2 (end of day),1.50% p.a.,,Philippine Stock Exchange index (PSEi)				,BPI PHILIPPINE HIGH DIVIDEND EQUITY FUND,Equity Fund,116.54,BPI WEALTH,https://www.uitf.com.ph/daily_navpu_details.php?fund_id=189&bank_id=3,-2.9197
2007-02-01,PHP,Aggressive,1000.0,,0.0,1000.0,0,02:00 PM,Subscription: T+1; Redemption: T+2 (end of day),1.50% p.a.,,Philippine Stock Exchange Index (PSEi)								,ODYSSEY PHILIPPINE HIGH CONVICTION EQUITY FUND,Equity Fund,109.1,BPI WEALTH,https://www.uitf.com.ph/daily_navpu_details.php?fund_id=64&bank_id=3,-6.2727
2003-05-05,PHP,Aggressive,10000.0,,5000.0,10000.0,0,02:00 PM,Subscription: T+1; Redemption: T+2 (end of day),2.00% p.a.,,Philippine Stock Exchange Index (PSEi)								,ODYSSEY PHILIPPINE EQUITY FUND,Equity Fund,375.29,BPI WEALTH,https://www.uitf.com.ph/daily_navpu_details.php?fund_id=63&bank_id=3,-4.9699
2005-04-04,PHP,Aggressive,1000.0,,0.0,1000.0,0,02:00 PM,Subscription: T+0; Redemption: T+2 (end of day),1.50% p.a.,,Philippine Stock Exchange index (PSEi)											,BPI EQUITY VALUE FUND,Equity Fund,136.41,BPI WEALTH,https://www.uitf.com.ph/daily_navpu_details.php?fund_id=53&bank_id=3,-5.4971
2018-06-18,USD,Aggressive,100.0,,100.0,100.0,0,02:00 PM,T+6 business days,1.75% as a % p.a. of the NAV,,MSCI Asia ex Japan Index										,Manulife Asia Best Select Equity Fund (USD Class A),Equity Fund,0.9749,Manulife Investment Management and Trust Corporation,https://www.uitf.com.ph/daily_navpu_details.php?fund_id=329&bank_id=39,-0.3984
2022-12-15,PHP,Aggressive,1000.0,,1000.0,1000.0,0,02:00 PM,T+6 business days,,,MSCI Asia ex Japan Index			,Manulife Asia Best Select Equity Fund (PHP Unhedged Class I),Equity Fund,56.5707,Manulife Investment Management and Trust Corporation,https://www.uitf.com.ph/daily_navpu_details.php?fund_id=470&bank_id=39,2.633
2018-06-18,PHP,Aggressive,1000.0,,1000.0,1000.0,0,02:00 PM,T+6 business days,1.75% as a % p.a. of the NAV,,MSCI Asia ex Japan Index								,Manulife Asia Best Select Equity Fund (PHP Unhedged Class A),Equity Fund,55.5473,Manulife Investment Management and Trust Corporation,https://www.uitf.com.ph/daily_navpu_details.php?fund_id=330&bank_id=39,1.6192
2017-09-18,PHP,Aggressive,1000.0,,1000.0,1000.0,0,02:00 PM,T+3 Banking Days,,,Philippine Stock Exchange Index 										,Manulife Equity Wealth Fund (Class I),Equity Fund,0.8238,Manulife Investment Management and Trust Corporation,https://www.uitf.com.ph/daily_navpu_details.php?fund_id=316&bank_id=39,-4.3428
2016-03-01,PHP,Aggressive,1.0,,1.0,0.0,0,03:00 PM,Subscription: T + 0 business days; Redemption: T + 3 business days,1.50% p.a.,none,Philippine Stock Exchange index										,ATRAM Philippine Equity Smart Index Fund,Equity Index Tracker Fund,91.49895,ATRAM Trust Corporation,https://www.uitf.com.ph/daily_navpu_details.php?fund_id=271&bank_id=31,-6.9171
2018-11-15,USD,Aggressive,100.0,,100.0,100.0,0,02:00 PM,T+6 business days,,,MSCI Asia ex Japan Index								,Manulife Asia Best Select Equity Fund (USD Class I),Equity Fund,1.2477,Manulife Investment Management and Trust Corporation,https://www.uitf.com.ph/daily_navpu_details.php?fund_id=351&bank_id=39,0.865
2014-05-22,PHP,Aggressive,50000.0,,0.0,0.0,30,02:00 PM,T + 4 Days,1% per annum,"0.25% of the redeemed amount or Php 500, whichever is higher",Philippine Stock Exchange Index (PSEi)								,UnionBank PSE Index Tracker Fund,Equity Index Tracker Fund,94.37609,Union Bank,https://www.uitf.com.ph/daily_navpu_details.php?fund_id=230&bank_id=13,-5.1809
2015-11-23,PHP,Aggressive,10000.0,,5000.0,5000.0,0,01:30 PM,T+4,1.00% p.a.,,Philippine Stock Exchange Index 							,SB PHILIPPINE EQUITY INDEX FUND,Equity Index Tracker Fund,0.890422,Security Bank Corporation,https://www.uitf.com.ph/daily_navpu_details.php?fund_id=263&bank_id=12,-5.6358
2020-08-27,PHP,Aggressive,1.0,,1.0,1.0,30,02:30 PM,T + 4 business days,0.15%,0.50% based on redemption amount,Philippine Stock Exchange Composite Index									,PRUInvest PH Equity Index Tracker Fund (Class V),Equity Index Tracker Fund,1.0848,Pru Life UK Investments,https://www.uitf.com.ph/daily_navpu_details.php?fund_id=449&bank_id=41,-5.0836
2020-05-07,PHP,Aggressive,50000000.0,,10000.0,50000000.0,30,02:30 PM,T + 4 business days,0.50%,0.50% based on redemption amount,Philippine Stock Exchange Composite Index								,PRUInvest PH Equity Index Tracker Fund (Class I),Equity Index Tracker Fund,1.1127,Pru Life UK Investments,https://www.uitf.com.ph/daily_navpu_details.php?fund_id=390&bank_id=41,-5.2134
2020-05-07,PHP,Aggressive,10000.0,,1000.0,10000.0,30,02:30 PM,T + 4 business days,1.00%,0.50% based on redemption amount,Philippine Stock Exchange Composite Index						,PRUInvest PH Equity Index Tracker Fund (Class A),Equity Index Tracker Fund,1.093,Pru Life UK Investments,https://www.uitf.com.ph/daily_navpu_details.php?fund_id=389&bank_id=41,-5.6457
2014-10-10,PHP,Aggressive,10000.0,,1000.0,10000.0,7,12:00 PM,T + 3,1.00% p.a. based on Net Asset Value (NAV),50% of income on redeemed amount,Philippine Stock Exchange Index (PSEi)										,Metro Philippine Equity Index Tracker Fund,Equity Index Tracker Fund,0.902578,Metropolitan Bank & Trust Co.,https://www.uitf.com.ph/daily_navpu_details.php?fund_id=247&bank_id=1,-5.5346
2015-12-01,PHP,Aggressive,10000.0,,1000.0,10000.0,30,12:00 PM,T+4,0.75% p.a of the market value of the fund,"P500.00 or 0.25% of redemption proceeds, whichever is higher",Philippine Stock Exchange Index								,EastWest PSEI Tracker Fund,Equity Index Tracker Fund,91.2466,EastWest Banking Corporation,https://www.uitf.com.ph/daily_navpu_details.php?fund_id=264&bank_id=8,-5.2401
2021-03-01,PHP,Aggressive,5000.0,,1000.0,5000.0,15,12:00 PM,T+3,1.0% based on NAV before trust fee for the day,1.0% of redemption proceeds,Philippine Stock Exchange Index (PSEi)						,CHINA BANK PHILIPPINE EQUITY INDEX TRACKER FUND,Equity Index Tracker Fund,0.907811,China Banking Corporation,https://www.uitf.com.ph/daily_navpu_details.php?fund_id=406&bank_id=7,-5.8793
2017-01-16,PHP,Aggressive,1000.0,,0.0,1000.0,0,02:00 PM,Subscription: T+0; Redemption: T+2 (end of day),1.00% p.a.,,BPI Philippine Consumer Equity Index								,BPI PHILIPPINE CONSUMER EQUITY INDEX FUND,Equity Index Tracker Fund,78.29,BPI WEALTH,https://www.uitf.com.ph/daily_navpu_details.php?fund_id=293&bank_id=3,-9.0027
2017-01-16,PHP,Aggressive,1000.0,,0.0,1000.0,0,02:00 PM,Subscription: T+0; Redemption: T+2 (end of day),1.00% p.a.,,BPI Philippine Infrastructure Equity Index									,BPI PHILIPPINE INFRASTRUCTURE EQUITY INDEX FUND,Equity Index Tracker Fund,114.44,BPI WEALTH,https://www.uitf.com.ph/daily_navpu_details.php?fund_id=292&bank_id=3,0.2296
2013-05-20,PHP,Aggressive,1000.0,,0.0,1000.0,0,02:00 PM,Subscription: T+0; Redemption: T+2 (end of day),1.00% p.a.,,Philippine Stock Exchange index (PSEi)																						,BPI PHILIPPINE EQUITY INDEX FUND,Equity Index Tracker Fund,86.47,BPI WEALTH,https://www.uitf.com.ph/daily_navpu_details.php?fund_id=69&bank_id=3,-5.4233
2015-07-10,PHP,Balanced,10000.0,,10000.0,10000.0,30,02:30 PM,Three (3) banking days after notice of redemption is received (T + 3),1.00% p.a.,0.50% of the Original Participation Amount,PSEi						,BDO EQUITY INDEX FUND,Equity Index Tracker Fund,83.5838,"BDO Unibank, Inc.",https://www.uitf.com.ph/daily_navpu_details.php?fund_id=258&bank_id=6,-5.7958
2022-09-09,PHP,Aggressive,1000.0,,1000.0,1000.0,0,02:00 PM,T+6 business days,1.25% as a % p.a. of the NAV,,MSCI AC World (Net) Total Return										,Manulife Global Clean Energy Equity Feeder Fund (Php Unhedged Class A),Feeder Fund - Equity,55.3029,Manulife Investment Management and Trust Corporation,https://www.uitf.com.ph/daily_navpu_details.php?fund_id=456&bank_id=39,10.3941
2022-05-23,PHP,Aggressive,1000.0,,1000.0,1000.0,0,02:00 PM,T+6 business days,,,MSCI World/Healthcare NR USD Index											,Manulife Global Healthcare Equity Feeder Fund (Php Unhedged Class I),Feeder Fund - Equity,59.982,Manulife Investment Management and Trust Corporation,https://www.uitf.com.ph/daily_navpu_details.php?fund_id=446&bank_id=39,3.6329
2022-04-29,PHP,Aggressive,1000.0,,1000.0,1000.0,0,02:00 PM,T+6 business days,1.25% as a % p.a. of the NAV,,MSCI AC World (Net) Total Return									,Manulife Global Thematic Opportunities Equity Feeder Fund (Php Unhedged Class A),Feeder Fund - Equity,53.9213,Manulife Investment Management and Trust Corporation,https://www.uitf.com.ph/daily_navpu_details.php?fund_id=443&bank_id=39,7.6961
2022-01-20,PHP,Aggressive,1000.0,,1000.0,1000.0,0,02:00 PM,T+6 business days,1.25% as a % p.a. of the NAV,,MSCI World Information Technology Index												,Manulife Global Technology Equity Feeder Fund (Php Unhedged Class A),Feeder Fund - Equity,47.3318,Manulife Investment Management and Trust Corporation,https://www.uitf.com.ph/daily_navpu_details.php?fund_id=437&bank_id=39,29.7853
2021-08-17,PHP,Aggressive,1000.0,,1000.0,1000.0,0,02:00 PM,T+6 business days,1.75% as a % p.a. of the NAV,,MSCI India 10/40 Index								,Manulife India Equity Feeder Fund (Php Unhedged Class A),Feeder Fund - Equity,55.1152,Manulife Investment Management and Trust Corporation,https://www.uitf.com.ph/daily_navpu_details.php?fund_id=427&bank_id=39,12.0269
2021-07-21,PHP,Aggressive,1000.0,,1000.0,1000.0,0,02:00 PM,T+6 business days,1.75% as a % p.a. of the NAV ,,100% S&P Developed Property Index											,Manulife Global REIT Feeder Fund (Php Unhedged Class A),Feeder Fund - Equity,42.2319,Manulife Investment Management and Trust Corporation,https://www.uitf.com.ph/daily_navpu_details.php?fund_id=424&bank_id=39,-5.6601
2021-05-10,PHP,Aggressive,1000.0,,1000.0,1000.0,0,02:00 PM,T+6 business days ,,,S&P 500 Index 											,Manulife American Growth Equity Feeder Fund (Php Unhedged Class I),Feeder Fund - Equity,55.5701,Manulife Investment Management and Trust Corporation,https://www.uitf.com.ph/daily_navpu_details.php?fund_id=418&bank_id=39,20.6784
2021-05-10,PHP,Aggressive,1000.0,,1000.0,1000.0,0,02:00 PM,T+6 business days ,,,MSCI Zhong Hua Index											,Manulife Dragon Growth Equity Feeder Fund (PHP Unhedged Class I),Feeder Fund - Equity,28.8539,Manulife Investment Management and Trust Corporation,https://www.uitf.com.ph/daily_navpu_details.php?fund_id=416&bank_id=39,-11.9129
2021-01-18,PHP,Aggressive,1000.0,,1000.0,1000.0,0,02:00 PM,T+6 business days,1.75% as a % p.a. of the NAV ,,MSCI World/Healthcare NR USD Index																				,Manulife Global Healthcare Equity Feeder Fund (Php Unhedged Class A),Feeder Fund - Equity,61.881,Manulife Investment Management and Trust Corporation,https://www.uitf.com.ph/daily_navpu_details.php?fund_id=399&bank_id=39,2.3774
2019-05-15,PHP,Aggressive,1000.0,,1000.0,1000.0,0,02:00 PM,T+6 business days,1.75% as a % p.a. of the NAV,,S&P 500 Index								,Manulife American Growth Equity Feeder Fund (Php Unhedged Class A),Feeder Fund - Equity,82.2635,Manulife Investment Management and Trust Corporation,https://www.uitf.com.ph/daily_navpu_details.php?fund_id=363&bank_id=39,19.1125
2018-12-10,PHP,Aggressive,1000.0,,1000.0,1000.0,0,02:00 PM,T+6 business days,1.75% as a % p.a. of the NAV,,MSCI Zhong Hua Index								,Manulife Dragon Growth Equity Feeder Fund (PHP Unhedged Class A),Feeder Fund - Equity,46.0412,Manulife Investment Management and Trust Corporation,https://www.uitf.com.ph/daily_navpu_details.php?fund_id=353&bank_id=39,-13.067
2014-10-29,PHP,Aggressive,10000.0,,1000.0,10000.0,30,12:00 PM,T+4,1.00% per annum,PHP500 or 0.25% of the redemption proceeds whichever is higher,Philippine Stock Exchange Index								,EastWest PhilEquity Feeder Fund,Feeder Fund - Equity,851.7031,EastWest Banking Corporation,https://www.uitf.com.ph/daily_navpu_details.php?fund_id=250&bank_id=8,-5.0016
2019-11-11,PHP,Aggressive,1000.0,,0.0,1000.0,0,02:00 PM,Subscription: T+1; Redemption: T+5 (end of day),0.75% p.a.,,S&P® 500 Index												,BPI US EQUITY INDEX FEEDER FUND CLASS P (PHIL PESO CLASS),Feeder Fund - Equity,157.62,BPI WEALTH,https://www.uitf.com.ph/daily_navpu_details.php?fund_id=377&bank_id=3,14.5911
2017-05-22,PHP,Aggressive,50000.0,,10000.0,50000.0,0,02:00 PM,Subscription: T+1; Redemption: T+7 (end of day),0.50% p.a.,,MSCI All Country World Index (PHP)							,BPI CATHOLIC VALUES GLOBAL EQUITY FEEDER FUND,Feeder Fund - Equity,153.86,BPI WEALTH,https://www.uitf.com.ph/daily_navpu_details.php?fund_id=296&bank_id=3,12.2001
2022-12-15,PHP,Aggressive,1000.0,,1000.0,1000.0,0,02:00 PM,T+6 business days,,,MSCI AC World (Net) Total Return				,Manulife Global Thematic Opportunities Equity Feeder Fund (Php Unhedged Class I),Feeder Fund - Equity,59.4078,Manulife Investment Management and Trust Corporation,https://www.uitf.com.ph/daily_navpu_details.php?fund_id=472&bank_id=39,8.4383
2022-09-09,USD,Aggressive,100.0,,100.0,100.0,0,02:00 PM,T+6 business days,1.25% as a % p.a. of the NAV,,MSCI AC World (Net) Total Return								,Manulife Global Clean Energy Equity Feeder Fund (USD Class A),Feeder Fund - Equity,0.9743,Manulife Investment Management and Trust Corporation,https://www.uitf.com.ph/daily_navpu_details.php?fund_id=457&bank_id=39,8.2315
2022-04-29,USD,Aggressive,100.0,,100.0,100.0,0,02:00 PM,T+6 business days,1.25% as a % p.a. of the NAV,,MSCI AC World (Net) Total Return										,Manulife Global Thematic Opportunities Equity Feeder Fund (USD Class A),Feeder Fund - Equity,0.9514,Manulife Investment Management and Trust Corporation,https://www.uitf.com.ph/daily_navpu_details.php?fund_id=444&bank_id=39,5.6055
2022-01-20,USD,Aggressive,100.0,,100.0,100.0,0,02:00 PM,T+6 business days,1.25% as a % p.a. of the NAV,,MSCI World Information Technology Index														,Manulife Global Technology Equity Feeder Fund (USD Class A),Feeder Fund - Equity,0.833,Manulife Investment Management and Trust Corporation,https://www.uitf.com.ph/daily_navpu_details.php?fund_id=436&bank_id=39,27.2727
2021-08-17,USD,Aggressive,100.0,,100.0,100.0,0,02:00 PM,T+6 business days,1.75% as a % p.a. of the NAV,,MSCI India 10/40 Index								,Manulife India Equity Feeder Fund (USD Class A),Feeder Fund - Equity,0.9685,Manulife Investment Management and Trust Corporation,https://www.uitf.com.ph/daily_navpu_details.php?fund_id=426&bank_id=39,9.9069
2021-07-21,USD,Aggressive,1000.0,,100.0,1000.0,0,02:00 PM,T+6 business days,1.75% as a % p.a. of the NAV ,,100% S&P Developed Property Index										,Manulife Global REIT Feeder Fund (USD Class A),Feeder Fund - Equity,0.7438,Manulife Investment Management and Trust Corporation,https://www.uitf.com.ph/daily_navpu_details.php?fund_id=423&bank_id=39,-7.4761
2021-05-10,USD,Aggressive,100.0,,100.0,100.0,0,02:00 PM,T+6 business days,,,S&P 500 Index 									,Manulife American Growth Equity Feeder Fund (USD Class I),Feeder Fund - Equity,0.9761,Manulife Investment Management and Trust Corporation,https://www.uitf.com.ph/daily_navpu_details.php?fund_id=417&bank_id=39,18.3008
2021-05-10,USD,Aggressive,100.0,,100.0,100.0,0,02:00 PM,T+6 business days,,,MSCI Zhong Hua Index											,Manulife Dragon Growth Equity Feeder Fund (USD Class I),Feeder Fund - Equity,0.5062,Manulife Investment Management and Trust Corporation,https://www.uitf.com.ph/daily_navpu_details.php?fund_id=415&bank_id=39,-13.6472
2021-01-18,USD,Aggressive,100.0,,100.0,100.0,0,02:00 PM,T+6 business days,1.75% as a % p.a. of the NAV ,N/A ,MSCI World/Healthcare NR USD Index																	,Manulife Global Healthcare Equity Feeder Fund (USD Class A),Feeder Fund - Equity,1.0871,Manulife Investment Management and Trust Corporation,https://www.uitf.com.ph/daily_navpu_details.php?fund_id=398&bank_id=39,0.3323
2019-05-15,USD,Aggressive,100.0,,100.0,100.0,0,02:00 PM,T+6 business days,1.75% as a % p.a. of the NAV,,S&P 500 Index								,Manulife American Growth Equity Feeder Fund (USD Class A),Feeder Fund - Equity,1.4524,Manulife Investment Management and Trust Corporation,https://www.uitf.com.ph/daily_navpu_details.php?fund_id=362&bank_id=39,16.8181
2018-12-10,USD,Aggressive,100.0,,100.0,100.0,0,02:00 PM,T+6 business days,1.75% as a % p.a. of the NAV,,MSCI Zhong Hua Index								,Manulife Dragon Growth Equity Feeder Fund (USD Class A),Feeder Fund - Equity,0.8114,Manulife Investment Management and Trust Corporation,https://www.uitf.com.ph/daily_navpu_details.php?fund_id=352&bank_id=39,-14.7331
2020-04-23,USD,Aggressive,500.0,,200.0,500.0,30,11:59 PM,5 banking days from date of redemption or T+5,0.50%,"USD 10 or 0.25% of the redemption amount, whichever is higher",S & P 500 Index										,EastWest S&P 500 Index Equity Feeder Fund,Feeder Fund - Equity,152.1082,EastWest Banking Corporation,https://www.uitf.com.ph/daily_navpu_details.php?fund_id=386&bank_id=8,12.7465
2021-02-01,USD,Aggressive,100.0,,0.0,100.0,0,02:00 PM,Subscription: T+1; Redemption: T+5 (end of day),1.00% p.a.,,MSCI World Health Care Index						,BPI GLOBAL HEALTH CARE FEEDER FUND,Feeder Fund - Equity,85.03,BPI WEALTH,https://www.uitf.com.ph/daily_navpu_details.php?fund_id=401&bank_id=3,-3.0666
2021-02-01,USD,Aggressive,100.0,,0.0,100.0,0,02:00 PM,Subscription: T+1; Redemption: T+5 (end of day),1.00% p.a.,none,MSCI All Country World Information Technology Index						,BPI WORLD TECHNOLOGY FEEDER FUND,Feeder Fund - Equity,75.2,BPI WEALTH,https://www.uitf.com.ph/daily_navpu_details.php?fund_id=400&bank_id=3,26.2804
2014-08-05,USD,Aggressive,100.0,,0.0,100.0,0,02:00 PM,Subscription: T+1; Redemption: T+5 (end of day),0.75% p.a.,,MSCI Europe Index						,BPI EUROPEAN EQUITY FEEDER FUND,Feeder Fund - Equity,139.73,BPI WEALTH,https://www.uitf.com.ph/daily_navpu_details.php?fund_id=236&bank_id=3,8.9003
2014-08-05,USD,Aggressive,100.0,,0.0,100.0,0,02:00 PM,Subscription: T+1; Redemption: T+5 (end of day),0.75% p.a.,,S&P® 500 Index					,BPI US EQUITY INDEX FEEDER FUND CLASS A (USD CLASS),Feeder Fund - Equity,231.81,BPI WEALTH,https://www.uitf.com.ph/daily_navpu_details.php?fund_id=235&bank_id=3,12.3764
2008-05-20,USD,Aggressive,100.0,,0.0,100.0,0,02:00 PM,Subscription: T+1; Redemption: T+6 (end of day),1.10% p.a.,,MSCI AC Asia Pacific ex-Japan High Dividend Net Return USD Index							,ODYSSEY ASIA PACIFIC HIGH DIVIDEND EQUITY FEEDER FUND,Feeder Fund - Equity,11.5,BPI WEALTH,https://www.uitf.com.ph/daily_navpu_details.php?fund_id=67&bank_id=3,2.587
2019-06-26,USD,Balanced,500.0,,500.0,500.0,0,02:30 PM,Five (5) banking days after redemption valuation date (T + 5),0.50% p.a.,0%,MSCI Emerging Markets Index										,BDO GLOBAL EM EQUITY INDEX FEEDER FUND,Feeder Fund - Equity,95.9991,"BDO Unibank, Inc.",https://www.uitf.com.ph/daily_navpu_details.php?fund_id=367&bank_id=6,2.5343
2018-02-28,USD,Balanced,500.0,,500.0,500.0,0,02:30 PM,Five (5) banking days after redemption valuation date (T + 5),0.50% p.a. ,0%,MSCI World Index 												,BDO GLOBAL EQUITY INDEX FEEDER FUND,Feeder Fund - Equity,142.6679,"BDO Unibank, Inc.",https://www.uitf.com.ph/daily_navpu_details.php?fund_id=326&bank_id=6,14.9954
2017-07-26,USD,Balanced,500.0,,500.0,500.0,0,02:30 PM,Five (5) banking days after redemption valuation date (T + 5),1.00% p.a.,0%,MSCI Europe Index										,BDO EUROPE EQUITY FEEDER FUND,Feeder Fund - Equity,124.6747,"BDO Unibank, Inc.",https://www.uitf.com.ph/daily_navpu_details.php?fund_id=304&bank_id=6,10.8065
2016-04-18,USD,Balanced,500.0,,500.0,500.0,0,02:30 PM,Five (5) banking days after redemption valuation date (T + 5),0.50% p.a.,0%,S&P 500 Index								,BDO US EQUITY INDEX FEEDER FUND,Feeder Fund - Equity,116.0942,"BDO Unibank, Inc.",https://www.uitf.com.ph/daily_navpu_details.php?fund_id=272&bank_id=6,25.3489
2015-10-29,USD,Balanced,500.0,,500.0,500.0,0,02:30 PM,Five (5) banking days after redemption valuation date (T + 5),1.00% p.a.,0%,80% MSCI China Index and 20% CSI 300 Index										,BDO CHINA EQUITY FEEDER FUND,Feeder Fund - Equity,85.468,"BDO Unibank, Inc.",https://www.uitf.com.ph/daily_navpu_details.php?fund_id=261&bank_id=6,-11.0952
2015-04-30,USD,Balanced,500.0,,500.0,500.0,0,02:30 PM,Five (5) banking days after redemption valuation date (T + 5),0.50% p.a.,0%,FTSE EPRA/NAREIT Developed Markets Index																,BDO DEVELOPED MARKETS PROPERTY INDEX FEEDER FUND,Feeder Fund - Equity,99.1604,"BDO Unibank, Inc.",https://www.uitf.com.ph/daily_navpu_details.php?fund_id=253&bank_id=6,-0.0861
2019-06-11,PHP,Aggressive,5000.0,,1000.0,1000.0,30,11:30 AM,T + 4,1.00% p.a.,0.50% of the net proceeds, PSEi						,Sterling Bank Philequity Feeder Fund,Feeder Fund - Fixed Income,0.77113,Sterling Bank of Asia,https://www.uitf.com.ph/daily_navpu_details.php?fund_id=370&bank_id=33,-5.3073
2015-08-27,PHP,Moderate,1000.0,,500.0,1000.0,0,12:00 PM,T + 1,,,Markit iBoxx ALBI Philippines 1-5						,Metro Aspire Bond Feeder Fund,Feeder Fund - Fixed Income,1.158036,Metropolitan Bank & Trust Co.,https://www.uitf.com.ph/daily_navpu_details.php?fund_id=267&bank_id=1,3.3164
2018-07-27,PHP,Moderate,10000.0,,1000.0,10000.0,0,11:30 AM,T+3,0.50% p.a. ,Not Applicable,98% Bloomberg Sovereign Bond Index 1-5 Year (net of tax) + 2% Philippine Peso TD Rate 1-3 months (net of tax),Maybank Tiger Peso Bond Feeder Fund,Feeder Fund - Fixed Income,1.153235,Maybank Philippines Inc.,https://www.uitf.com.ph/daily_navpu_details.php?fund_id=342&bank_id=40,2.8491
2018-07-27,PHP,Moderate,10000.0,,1000.0,10000.0,7,11:30 AM,T+1,0.25% p.a. ,0.25% of redemption proceeds,90% Philippine Peso TD Rate 1-3 months (net of tax),Maybank Tiger Peso Money Market Feeder Fund,Feeder Fund - Fixed Income,1.118541,Maybank Philippines Inc.,https://www.uitf.com.ph/daily_navpu_details.php?fund_id=341&bank_id=40,1.7017
2022-12-16,PHP,Aggressive,1000.0,,1000.0,1000.0,0,02:00 PM,T+6 business days,1.00% as a % p.a. of the NAV,,JACI Investment Grade 1-3 Years Index									,Manulife Asia Short Duration Bond Feeder Fund (PHP Unhedged Class A),Feeder Fund - Fixed Income,56.7015,Manulife Investment Management and Trust Corporation,https://www.uitf.com.ph/daily_navpu_details.php?fund_id=469&bank_id=39,2.1367
2018-10-18,PHP,Aggressive,1000.0,,1000.0,1000.0,0,02:00 PM,T+6 business days,1.50% as a % p.a. of the NAV,,50% JP Morgan Emerging LocalMarkets Index Plus (Asia) + 50% JP Morgan Asia Credit Index (USD)								,Manulife Asia Dynamic Bond Feeder Fund (PHP Unhedged Class A),Feeder Fund - Fixed Income,55.337,Manulife Investment Management and Trust Corporation,https://www.uitf.com.ph/daily_navpu_details.php?fund_id=349&bank_id=39,-0.72
2019-11-08,USD,Aggressive,1000000.0,,1000.0,1000000.0,30,02:30 PM,T + 7 business days,0.6875%,0.50% based on redemption amount,JP Morgan Asia Credit Index Non-Investment Grade			,PRUInvest USD High Yield Asian Bond Feeder Fund (Class I),Feeder Fund - Fixed Income,0.5738,Pru Life UK Investments,https://www.uitf.com.ph/daily_navpu_details.php?fund_id=380&bank_id=41,-3.0743
2019-11-08,USD,Aggressive,1000.0,,100.0,1000.0,30,02:30 PM,T + 7 business days,1.375%,0.50% based on redemption amount,JP Morgan Asia Credit Index Non-Investment Grade,PRUInvest USD High Yield Asian Bond Feeder Fund (Class A),Feeder Fund - Fixed Income,0.5339,Pru Life UK Investments,https://www.uitf.com.ph/daily_navpu_details.php?fund_id=378&bank_id=41,-3.7671
2018-02-14,USD,Aggressive,500.0,,100.0,500.0,7,12:00 PM,T + 4,0.50% p.a. based on Net Asset Value (NAV),50% of income on redeemed amount ,Markit iBoxx USD Liquid Investment Grade Index (IBOXIG Index)													,Metro$ US Investment Grade Corporate Bond Feeder Fund,Feeder Fund - Fixed Income,0.940734,Metropolitan Bank & Trust Co.,https://www.uitf.com.ph/daily_navpu_details.php?fund_id=325&bank_id=1,-0.8934
2022-05-16,USD,Moderate,1000.0,,100.0,1000.0,0,11:30 AM,T+7,,,JP Morgan Asia Credit Index		,Maybank Tiger USD Asian Income Feeder Fund,Feeder Fund - Fixed Income,0.9398,Maybank Philippines Inc.,https://www.uitf.com.ph/daily_navpu_details.php?fund_id=445&bank_id=40,-1.323
2018-07-27,USD,Moderate,1000.0,,200.0,1000.0,0,11:30 AM,T+4,0.50% p.a.,Not Applicable,98% Bloomberg	Barclays EM USD Sovereign; Philippines Total Return Index Unhedged USD + 2% 30-Day US Dollar Deposit Savings Rate,Maybank Tiger Dollar Bond Feeder Fund,Feeder Fund - Fixed Income,0.912618,Maybank Philippines Inc.,https://www.uitf.com.ph/daily_navpu_details.php?fund_id=343&bank_id=40,-2.8109
2022-12-16,USD,Aggressive,100.0,,100.0,100.0,0,02:00 PM,T+6 business days,1.00% as a % p.a. of the NAV,,JACI Investment Grade 1-3 Years Index					,Manulife Asia Short Duration Bond Feeder Fund (USD Class A),Feeder Fund - Fixed Income,0.996,Manulife Investment Management and Trust Corporation,https://www.uitf.com.ph/daily_navpu_details.php?fund_id=468&bank_id=39,0.2214
2018-10-18,USD,Aggressive,100.0,,100.0,100.0,0,02:00 PM,T+6 business days,1.50% as a % p.a. of the NAV,,50% JP Morgan Emerging LocalMarkets Index Plus (Asia) + 50% JP Morgan Asia Credit Index (USD)									,Manulife Asia Dynamic Bond Feeder Fund (USD Class A),Feeder Fund - Fixed Income,0.9733,Manulife Investment Management and Trust Corporation,https://www.uitf.com.ph/daily_navpu_details.php?fund_id=348&bank_id=39,-2.7284
2015-08-27,PHP,Aggressive,1000.0,,500.0,1000.0,0,12:00 PM,T + 3,,,60% Philippine Stock Exchange Index (PSEi) and 40%  Markit iBoxx ALBI Philippines 1-5												,Metro Aspire Balanced Feeder Fund,Feeder Fund - Multi-Asset,0.956087,Metropolitan Bank & Trust Co.,https://www.uitf.com.ph/daily_navpu_details.php?fund_id=268&bank_id=1,-0.789
2019-10-15,PHP,Aggressive,1000.0,,1000.0,1000.0,0,02:00 PM,T+6 business days,,,50% BoFA Merrill Lynch Fixed Rate Preferred Securities Index + 50% BoFA Merrill Lynch US Capital Securities Index 												,Manulife Global Preferred Income Feeder Fund (PHP Unhedged Class I),Feeder Fund - Multi-Asset,48.3438,Manulife Investment Management and Trust Corporation,https://www.uitf.com.ph/daily_navpu_details.php?fund_id=369&bank_id=39,-1.6253
2019-03-25,PHP,Aggressive,1000.0,,1000.0,1000.0,0,02:00 PM,T+6 business days,1.75% as a % p.a. of the NAV,,50% BoFA Merrill Lynch Fixed Rate Preferred Securities Index + 50% BoFA Merrill Lynch US Capital Securities Index														,Manulife Global Preferred Income Feeder Fund (PHP Unhedged Class A),Feeder Fund - Multi-Asset,49.0659,Manulife Investment Management and Trust Corporation,https://www.uitf.com.ph/daily_navpu_details.php?fund_id=357&bank_id=39,-2.7271
2005-04-04,PHP,Moderately Conservative,1000.0,,0.0,1000.0,0,02:00 PM,Subscription: T+0; Redemption: T+0 (end of day),1.50% p.a.,,BPI Philippine Government Bond 1-3 Year Index				,BPI PREMIUM BOND FUND,Fixed Income Fund - Intermediate Term,201.02,BPI WEALTH,https://www.uitf.com.ph/daily_navpu_details.php?fund_id=49&bank_id=3,1.9634
2020-02-12,USD,Aggressive,1000.0,,100.0,1000.0,0,02:00 PM,T+6 business days,,,50% BoFA Merrill Lynch Fixed Rate Preferred Securities Index + 50% BoFA Merrill Lynch US Capital Securities Index										,Manulife Global Preferred Income Feeder Fund (USD Class I),Feeder Fund - Multi-Asset,0.8147,Manulife Investment Management and Trust Corporation,https://www.uitf.com.ph/daily_navpu_details.php?fund_id=384&bank_id=39,-3.8248
2019-03-25,USD,Aggressive,1000.0,,100.0,1000.0,0,02:00 PM,T+6 business days,1.75% as a % p.a. of the NAV,,50% BoFA Merrill Lynch Fixed Rate Preferred Securities Index + 50% BoFA Merrill Lynch US Capital Securities Index													,Manulife Global Preferred Income Feeder Fund (USD Class A),Feeder Fund - Multi-Asset,0.8606,Manulife Investment Management and Trust Corporation,https://www.uitf.com.ph/daily_navpu_details.php?fund_id=358&bank_id=39,-4.6321
2018-08-01,USD,Aggressive,1000.0,,500.0,1000.0,180,02:00 PM,Subscription: T+1; Redemption: T+7 (end of day),1.00 % p.a.,1.00% of net asset value of units redeemed,35% MSCI World Index (USD Hedged) + 5% MSCI Emerging Markets Index (Unhedged) +25% Bloomberg Barclays Global Aggregate Corporate Index (USD Hedged) + 15% Bloomberg Barclays Global High Yield index (USD Hedged) + 20% FTSE World Government Bond 10+ Years In,BPI US DOLLAR INCOME FEEDER FUND,Feeder Fund - Multi-Asset,73.43,BPI WEALTH,https://www.uitf.com.ph/daily_navpu_details.php?fund_id=346&bank_id=3,-3.0627
2005-03-18,USD,Moderate,2000.0,,200.0,2000.0,30,12:00 PM,T+3,0.50% p.a. of the market value of the fund,"$10.00 or 0.25% of the withdrawn amount, whichever is higher",25% Bloomberg USD Emerging Market Philippines Sovereign Bond Index + 75% Average Philippine USD Savings Deposit Rate.	,EastWest Dollar Intermediate Term Bond Fund,Fixed Income Fund - Intermediate Term,139.4178,EastWest Banking Corporation,https://www.uitf.com.ph/daily_navpu_details.php?fund_id=174&bank_id=8,-0.0773
2021-03-08,PHP,Moderate,50000000.0,,10000.0,50000000.0,30,02:30 PM,T + 4 business days,0.375%,0.50% based on redemption amount,BLOOMBERG Philippine Sovereign Bond Index 1 to 5 years (BPHIL15 Index)			,PRUInvest PHP Intermediate Term Bond Fund (Class I),Fixed Income Fund - Intermediate Term,1.0365,Pru Life UK Investments,https://www.uitf.com.ph/daily_navpu_details.php?fund_id=408&bank_id=41,2.9602
2021-03-08,PHP,Moderate,10000.0,,1000.0,10000.0,30,02:30 PM,T + 4 business days,0.75%,0.50% based on redemption amount,BLOOMBERG Philippine Sovereign Bond Index 1 to 5 years (BPHIL15 Index)									,PRUInvest PHP Intermediate Term Bond Fund (Class A),Fixed Income Fund - Intermediate Term,1.0283,Pru Life UK Investments,https://www.uitf.com.ph/daily_navpu_details.php?fund_id=407&bank_id=41,2.6965
2016-03-01,PHP,Moderate,2000.0,"Class I - PHP 10,000 (via any PNB Branch) Class II - PHP 2,000 (via PNB UITF Online)",2000.0,2000.0,30,12:00 PM,T+1,0.75% p.a. of fund value,"50% of income earned, if any","Markit iBoxx ALBI Philippines 1-3

																												",PNB PROFIT PESO BOND FUND (Formerly PNB Peso Intermediate Term Bond Fund),Fixed Income Fund - Intermediate Term,1.578141,Philippine National Bank,https://www.uitf.com.ph/daily_navpu_details.php?fund_id=178&bank_id=2,2.3686
2017-09-18,PHP,Moderate,1000.0,,1000.0,1000.0,0,02:00 PM,T+3 Banking Days,,,50% Bloomberg Philippine Sovereign Bond Index 1 to 3 Year + 50% 91-day T-Bill rate. 				,Manulife Stable Income Fund (Class I),Fixed Income Fund - Intermediate Term,1.2108,Manulife Investment Management and Trust Corporation,https://www.uitf.com.ph/daily_navpu_details.php?fund_id=312&bank_id=39,3.8155
2017-09-18,PHP,Moderate,1000.0,,1000.0,1000.0,0,02:00 PM,T+3 Banking Days,0.75% as a % p.a. of the NAV,,"50% Bloomberg Philippine Sovereign Bond Index
1 to 3 Year + 50% 91-day T-Bill rate.																								",Manulife Stable Income Fund (Class A),Fixed Income Fund - Intermediate Term,1.1366,Manulife Investment Management and Trust Corporation,https://www.uitf.com.ph/daily_navpu_details.php?fund_id=311&bank_id=39,3.2522
2005-02-18,PHP,Moderate,10000.0,,1000.0,10000.0,30,12:00 PM,T+1,1% p.a. of the market value of the fund,"PHP 500.00 or 0.25% of the withdrawn amount, whichever is higher","Bloomberg Philippine Sovereign Bond Index 1-3 Year, Adjusted.",EastWest Peso Intermediate Term Bond Fund,Fixed Income Fund - Intermediate Term,2161.1394,EastWest Banking Corporation,https://www.uitf.com.ph/daily_navpu_details.php?fund_id=175&bank_id=8,2.9117
2020-05-07,USD,Moderate,1000000.0,,1000.0,1000000.0,30,02:30 PM,T + 4 business days,0.50%,0.50% based on redemption amount,"Bloomberg Barclays US Treasury 1-5 Year Total Return 
Index Value Unhedged						",PRUInvest USD Intermediate Term Bond Fund (Class I),Fixed Income Fund - Intermediate Term,0.9918,Pru Life UK Investments,https://www.uitf.com.ph/daily_navpu_details.php?fund_id=392&bank_id=41,-0.3917
2020-05-07,USD,Moderate,1000.0,,100.0,1000.0,30,02:30 PM,T + 4 business days,1.00%,0.50% based on redemption amount ,"Bloomberg Barclays US Treasury 1-5 Year Total Return 
Index Value Unhedged",PRUInvest USD Intermediate Term Bond Fund (Class A),Fixed Income Fund - Intermediate Term,0.9751,Pru Life UK Investments,https://www.uitf.com.ph/daily_navpu_details.php?fund_id=391&bank_id=41,-0.7532
2005-10-03,USD,Moderate,100.0,"Class I - USD 1,000 (via any PNB Branch) Class II - USD 100 (via PNB UITF Online)",100.0,100.0,30,11:00 AM,T+1,0.75% p.a. of fund value,"50% of income earned, if any","Moving Average of the yield of a three year ROP instrument

																								",PNB PROFIT DOLLAR BOND FUND (Formerly PNB Profit Dollar Intermediate Term Bond Fund),Fixed Income Fund - Intermediate Term,1.495197,Philippine National Bank,https://www.uitf.com.ph/daily_navpu_details.php?fund_id=5&bank_id=2,2.0462
2005-03-11,USD,Moderate,1000.0,,100.0,1000.0,30,11:30 AM,1,1% p.a. based on the Net Asset value (NAV) accrued daily,5% of the redeemed amount,Bid price of 10-year Republic of the Philippines (ROP) Bonds from Bloomberg Generic (BGN) at the start of the quarter										,DIVERSITY DOLLAR BOND FUND,Fixed Income Fund - Long Term,1.869355,Bank of Commerce,https://www.uitf.com.ph/daily_navpu_details.php?fund_id=47&bank_id=5,-1.9884
2007-10-01,PHP,Moderately Conservative,100000.0,,0.0,0.0,0,02:00 PM,T+1,0.25% per annum,,Bloomberg Philippine Sovereign Bond Index AI (“BPHILR”) 								,UnionBank PHP Tax Exempt Fixed Income Fund,Fixed Income Fund - Long Term,264.345831,Union Bank,https://www.uitf.com.ph/daily_navpu_details.php?fund_id=92&bank_id=13,3.2009
2004-01-12,PHP,Moderately Conservative,100000.0,,0.0,0.0,90,02:00 PM,T+1,1% per annum,"0.25% of redeem amount or Php 500, whichever is higher",Bloomberg Philippine Sovereign Bond Index AI (“BPHILR”) 													,UnionBank PHP Fixed Income Fund,Fixed Income Fund - Long Term,314.781739,Union Bank,https://www.uitf.com.ph/daily_navpu_details.php?fund_id=91&bank_id=13,2.0582
2005-07-01,PHP,Moderate,10000.0,,5000.0,5000.0,0,01:30 PM,T+2,1.00% p.a.,,90% Markit iBoxx ALBI Philippines  (Domestic) + 10% O/N Special Savings Account Rate (net of Withholding Tax)								,SB PESO BOND FUND,Fixed Income Fund - Long Term,2.063419,Security Bank Corporation,https://www.uitf.com.ph/daily_navpu_details.php?fund_id=82&bank_id=12,5.5515
2005-03-28,PHP,Moderate,5000.0,,1000.0,5000.0,0,11:00 AM,T+1,0.50% based on NAV,,BPI Philippine Government Bond Index																			,RCBC PESO FIXED INCOME FUND,Fixed Income Fund - Long Term,2.197463,Rizal Commercial Banking Corporation,https://www.uitf.com.ph/daily_navpu_details.php?fund_id=78&bank_id=11,3.3636
2017-09-22,PHP,Moderate,10000.0,,1000.0,10000.0,7,12:00 PM,T + 3,0.50% Based on Net Asset Value (NAV),50% of income on redeemed amount,"60% Markit iBoxx ALBI Philippines 1-5, and 40% BPI Philippine Corporate Bond Index

												",Metro Unit Paying Fund,Fixed Income Fund - Long Term,0.955854,Metropolitan Bank & Trust Co.,https://www.uitf.com.ph/daily_navpu_details.php?fund_id=307&bank_id=1,1.0673
2006-03-13,PHP,Moderate,5000.0,,1000.0,5000.0,30,12:00 PM,T + 1,1.00%,25% of net earnings (P500 minimum),"Percentage change in the Bloomberg Government Bond Index AI*  (All in) or, in its absence, any relevant and industry-accepted benchmark

*Priced using PDEx�s (Philippine Dealing Exchange Corporation) PDSS-R2
															",LANDBANK Bond Fund,Fixed Income Fund - Long Term,1.881963,LandBank of the Philippines,https://www.uitf.com.ph/daily_navpu_details.php?fund_id=97&bank_id=9,5.653
2007-03-01,PHP,Aggressive,50000.0,,1000.0,50000.0,180,12:00 PM,T+1,1.0% p.a. of the market value of the fund,"PHP 500.00 or 0.25% of the withdrawn amount, whichever is higher","Bloomberg Philippine Sovereign Bond Index AI, Adjusted.			",EastWest Peso Long Term Bond Fund,Fixed Income Fund - Long Term,1590.9899,EastWest Banking Corporation,https://www.uitf.com.ph/daily_navpu_details.php?fund_id=176&bank_id=8,1.7046
2006-03-24,PHP,Moderate,5000.0,,1000.0,5000.0,30,12:00 PM,T + 1,0.75% per annum based on the Net Asset Value (NAV) of the Fund before trust fee for the day,1.0% of the amount redeemed,Bloomberg Philippine Sovereign Bond Index 5+ Year (BPHIL5).  															,CHINA BANK FIXED INCOME FUND (formerly CBC GS FUND),Fixed Income Fund - Long Term,1.849919,China Banking Corporation,https://www.uitf.com.ph/daily_navpu_details.php?fund_id=142&bank_id=7,4.604
2003-05-05,PHP,Aggressive,10000.0,,5000.0,10000.0,0,02:00 PM,Subscription: T+1; Redemption: T+1 (end of day),1.00% p.a.,,BPI Philippine Government Bond Index				,ODYSSEY PESO BOND FUND,Fixed Income Fund - Long Term,318.17,BPI WEALTH,https://www.uitf.com.ph/daily_navpu_details.php?fund_id=60&bank_id=3,4.7166
2006-04-21,PHP,Moderately Aggressive,1000.0,,0.0,1000.0,0,02:00 PM,Subscription: T+1; Redemption: T+1 (end of day),0.080% p.a. (Trust Fee payable to HSBC)/ 0.186% p.a. (Management Fee payable to BPI Wealth),,iBoxx ABF Philippines Index																																																							,ABF PHILIPPINES BOND INDEX FUND,Fixed Income Fund - Long Term,256.35,BPI WEALTH,https://www.uitf.com.ph/daily_navpu_details.php?fund_id=51&bank_id=3,5.4938
2005-03-10,PHP,Moderate,10000.0,,1000.0,10000.0,30,11:30 AM,1,1% p.a. based on the Net Asset Value (NAV) accrued daily,5% of the redeemed amount,5-year yield based on PHP BVAL						,DIVERSITY PESO BOND FUND,Fixed Income Fund - Long Term,1.66816,Bank of Commerce,https://www.uitf.com.ph/daily_navpu_details.php?fund_id=46&bank_id=5,0.6777
2005-07-01,USD,Moderate,1000.0,,100.0,100.0,0,01:30 PM,T + 4,0.75% p.a.,,90% JP Morgan Asia Credit Total Return Index Philippines + 10% O/N USD Time Deposit								,SB DOLLAR BOND FUND,Fixed Income Fund - Long Term,1.242624,Security Bank Corporation,https://www.uitf.com.ph/daily_navpu_details.php?fund_id=83&bank_id=12,-1.7673
2005-03-28,USD,Moderate,200.0,,100.0,200.0,0,11:00 AM,T+3,1% based on NAV,,80% JP Morgan Asia Credit Index Total Return and 20% Average 3-month U.S. Treasury Bill																			,RCBC DOLLAR FIXED INCOME FUND,Fixed Income Fund - Long Term,1.650401,Rizal Commercial Banking Corporation,https://www.uitf.com.ph/daily_navpu_details.php?fund_id=79&bank_id=11,2.2453
2017-07-17,USD,Aggressive,500.0,,100.0,500.0,7,12:00 PM,T + 3,1.00% p.a. based on Net Asset Value (NAV) ,50% of income on redeemed amount,90% JP Morgan Investment Grade Total Return Index and 10% Philippine Dollar Deposit Rate Savings Deposit								,Metro$ Asian Investment Grade Bond Fund,Fixed Income Fund - Long Term,1.079413,Metropolitan Bank & Trust Co.,https://www.uitf.com.ph/daily_navpu_details.php?fund_id=299&bank_id=1,-0.1942
2006-03-13,USD,Moderate,1000.0,,200.0,1000.0,30,12:00 PM,T+3,0.50%,25% of net earnings ($10.00 minimum),Average of the daily one-year ROP rates														,LANDBANK Global $ Fund,Fixed Income Fund - Long Term,1.400592,LandBank of the Philippines,https://www.uitf.com.ph/daily_navpu_details.php?fund_id=99&bank_id=9,-0.1885
2005-09-09,USD,Moderate,500.0,,100.0,500.0,30,12:00 PM,T + 3,0.75% per annum based on the Net Asset Value (NAV) of the Fund before trust fee for the day,1.50% p.a. of the amount redeemed if made during the first half of the minimum holding period; 1.0% p.a. of the amount redeemed if made during the second half of the minimum holding period or a flat amount of $25.00 whichever is higher,Bloomberg EM USD Sovereign-Philippines Total Return Index (formerly Bloomberg Barclays EM USD Sovereign-Philippines Total Return Index)															,CHINA BANK DOLLAR FUND,Fixed Income Fund - Long Term,1.991563,China Banking Corporation,https://www.uitf.com.ph/daily_navpu_details.php?fund_id=144&bank_id=7,4.1901
2003-05-05,USD,Aggressive,1000.0,,100.0,1000.0,0,02:00 PM,Subscription: T+1; Redemption: T+3 (end of day),1.25% p.a.,,JP Morgan Chase Asia Total Return Philippines Index								,ODYSSEY PHILIPPINE DOLLAR BOND FUND,Fixed Income Fund - Long Term,29.44,BPI WEALTH,https://www.uitf.com.ph/daily_navpu_details.php?fund_id=66&bank_id=3,2.2468
2006-12-31,USD,Aggressive,100.0,,0.0,100.0,0,02:00 PM,Subscription: T+0; Redemption: T+3 (end of day),0.25%  p.a.,,JPMorgan Asia Credit Philippines Total Return Index														,BPI PHILIPPINE DOLLAR BOND INDEX FUND,Fixed Income Fund - Long Term,221.42,BPI WEALTH,https://www.uitf.com.ph/daily_navpu_details.php?fund_id=56&bank_id=3,0.6976
2005-05-03,USD,Moderate,5000.0,,1000.0,5000.0,30,12:00 PM,T + 1 day,1.75% per annum based on the Net Asset Value (NAV),0.50% of amount redeemed,5-year US Treasury Notes				,Gold Dollar Fund,Fixed Income Fund - Medium Term,244.86,Asia United Bank,https://www.uitf.com.ph/daily_navpu_details.php?fund_id=158&bank_id=4,5.2573
2016-11-23,PHP,Moderate,10000.0,,1000.0,10000.0,7,12:00 PM,T + 3,0.75% p.a. based on Net Asset Value (NAV),50% of income on redeemed amount,"80% BPI Phil Corporate Bond Index and 20% average rate of the most recent 91-day
Philippine Treasury Bill auction (net of taxes)		",Metro Corporate Bond Fund,Fixed Income Fund - Medium Term,1.175888,Metropolitan Bank & Trust Co.,https://www.uitf.com.ph/daily_navpu_details.php?fund_id=294&bank_id=1,3.3244
2017-09-18,PHP,Moderate,1000.0,,1000.0,1000.0,0,02:00 PM,T+3 Banking Days,,,"90% Markit iBoxx ALBI Philippines 1-5 Index +
10% Markit iBoxx ALBI Philippines Liquid Index																		",Manulife Income Builder Fund (Class I),Fixed Income Fund - Medium Term,1.2128,Manulife Investment Management and Trust Corporation,https://www.uitf.com.ph/daily_navpu_details.php?fund_id=314&bank_id=39,4.291
2017-09-18,PHP,Moderate,1000.0,,1000.0,1000.0,0,02:00 PM,T+3 Banking Days,1.50% as a % p.a. of the NAV,,"90% Markit iBoxx ALBI Philippines 1-5 Index +
10% Markit iBoxx ALBI Philippines Liquid Index																													",Manulife Income Builder Fund (Class A),Fixed Income Fund - Medium Term,1.117,Manulife Investment Management and Trust Corporation,https://www.uitf.com.ph/daily_navpu_details.php?fund_id=313&bank_id=39,3.541
2007-10-01,PHP,Moderately Aggressive,10000.0,,5000.0,10000.0,0,02:00 PM,Subscription: T+1; Redemption: T+1 (end of day),1.00% p.a.,,BPI Philippine Government Bond 1-5 Year Index				,ODYSSEY PESO MEDIUM TERM BOND FUND,Fixed Income Fund - Medium Term,146.55,BPI WEALTH,https://www.uitf.com.ph/daily_navpu_details.php?fund_id=59&bank_id=3,3.0224
2022-02-11,PHP,Moderate,1000.0,,1000.0,0.0,0,02:30 PM,One (1) banking day after notice of redemption is received (T + 1),0.825% p.a.,,iBoxx ALBI Philippines 1-5 (Domestic) Index 		,BDO PESO BOND FUND MERIT CLASS,Fixed Income Fund - Medium Term,2353.2162,"BDO Unibank, Inc.",https://www.uitf.com.ph/daily_navpu_details.php?fund_id=439&bank_id=6,2.2563
2005-04-29,PHP,Moderate,10000.0,,10000.0,10000.0,30,02:30 PM,One (1) banking day after notice of redemption is received (T + 1),1.00% p.a.,0.50% of the Original Participation Amount,iBoxx ALBI Philippines 1-5 (Domestic) Index												,BDO PESO BOND FUND,Fixed Income Fund - Medium Term,2346.5909,"BDO Unibank, Inc.",https://www.uitf.com.ph/daily_navpu_details.php?fund_id=130&bank_id=6,2.126
2014-10-28,PHP,Moderate,1.0,,1.0,0.0,0,03:00 PM,"Subscription: T + 0 business days, Redemption: T + 2 business days ",1.10% p.a.,none,BPI Philippine Government Bond 1-5 Year Index															,ATRAM Total Return Peso Bond Fund,Fixed Income Fund - Medium Term,131.309981,ATRAM Trust Corporation,https://www.uitf.com.ph/daily_navpu_details.php?fund_id=240&bank_id=31,3.7403
2005-05-03,PHP,Moderate,10000.0,,1000.0,10000.0,30,12:00 PM,T + 1 day,1.25% per annum based on the Net Asset Value (NAV),0.50% of amount redeemed,5-yr PDST-R2							,Peso Investment Trust Fund,Fixed Income Fund - Medium Term,259.43,Asia United Bank,https://www.uitf.com.ph/daily_navpu_details.php?fund_id=157&bank_id=4,4.6511
2018-07-02,PHP,Aggressive,1000.0,,1000.0,1000.0,0,02:00 PM,T+6 business days,1.75% as a % p.a. of the NAV,,Manulife Investment Asia REIT ex-Japan Index														,Manulife Asia Pacific REIT Fund of Funds (PHP Unhedged Class A),Fund of Funds - Equity,46.081,Manulife Investment Management and Trust Corporation,https://www.uitf.com.ph/daily_navpu_details.php?fund_id=333&bank_id=39,-9.9486
2004-01-12,USD,Moderately Conservative,2000.0,,0.0,0.0,90,02:00 PM,T+1,0.75% per annum,"0.25% of redeemed amount or USD 10, whichever is higher",Bloomberg EM USD Aggregate Philippines Sovereign 1-7 Index (“I35420 Index”) 					,UnionBank USD Fixed Income Fund,Fixed Income Fund - Medium Term,2.329602,Union Bank,https://www.uitf.com.ph/daily_navpu_details.php?fund_id=90&bank_id=13,2.3325
2005-05-03,USD,Moderate,500.0,,500.0,500.0,30,02:30 PM,Three (3) banking days after notice of redemption is received (T + 3),1.00% p.a.,1.00% of the Original Participation Amount,Markit iBoxx Philippines USD 5-10 Index																								,BDO DOLLAR BOND FUND,Fixed Income Fund - Medium Term,1.8545,"BDO Unibank, Inc.",https://www.uitf.com.ph/daily_navpu_details.php?fund_id=136&bank_id=6,-0.9481
2019-05-31,PHP,Aggressive,1000.0,,1000.0,1000.0,0,02:00 PM,T+6 business days,,,Manulife Investment Asia REIT ex-Japan Index								,Manulife Asia Pacific REIT Fund of Funds (PHP Unhedged Class I),Fund of Funds - Equity,42.8857,Manulife Investment Management and Trust Corporation,https://www.uitf.com.ph/daily_navpu_details.php?fund_id=366&bank_id=39,-9.091
2019-02-01,USD,Aggressive,1000.0,,100.0,1000.0,0,02:00 PM,T+6 business days,,,Manulife Investment Asia REIT ex-Japan Index							,Manulife Asia Pacific REIT Fund of Funds (USD Class I),Fund of Funds - Equity,0.7947,Manulife Investment Management and Trust Corporation,https://www.uitf.com.ph/daily_navpu_details.php?fund_id=354&bank_id=39,-10.6677
2018-07-02,USD,Aggressive,1000.0,,100.0,1000.0,0,02:00 PM,T+6 business days,1.75% as a % p.a. of the NAV,,Manulife Investment Asia REIT ex-Japan Index												,Manulife Asia Pacific REIT Fund of Funds (USD Class A),Fund of Funds - Equity,0.8089,Manulife Investment Management and Trust Corporation,https://www.uitf.com.ph/daily_navpu_details.php?fund_id=331&bank_id=39,-11.7018
2015-06-26,PHP,Conservative,5000.0,,1000.0,5000.0,3,12:00 PM,T+0,0.15%p.a. based on the Net Asset Value (NAV) of the Fund before trust fee for the day,1.0% of the amount redeemed,Bloomberg Phil Sovereign Bond Index Money Market (BPHILMM)																		,CHINA BANK CASH FUND (formerly CBC INSTITUTIONAL MMF),Money Market Fund,1.201719,China Banking Corporation,https://www.uitf.com.ph/daily_navpu_details.php?fund_id=255&bank_id=7,3.3843
2009-02-20,PHP,Moderate,5000.0,,1000.0,5000.0,3,12:00 PM,T + 1,0.25% per annum based on the Net Asset Value (NAV) of the Fund before trust fee for the day,1.0% of the amount redeemed,Bloomberg Phil Sovereign Bond Index Money Market (BPHILMM)												,CHINA BANK MONEY MARKET FUND,Money Market Fund,1.396889,China Banking Corporation,https://www.uitf.com.ph/daily_navpu_details.php?fund_id=143&bank_id=7,3.5869
2013-08-01,PHP,Moderately Conservative,10000.0,,1000.0,10000.0,0,02:00 PM,Subscription: T+0; Redemption: T+0 (end of day) ,0.25% p.a.,,"91-day Treasury Bill, net of tax																			",BPI MONEY MARKET FUND,Money Market Fund,275.75,BPI WEALTH,https://www.uitf.com.ph/daily_navpu_details.php?fund_id=50&bank_id=3,3.0118
2005-04-04,PHP,Moderately Conservative,1000.0,,0.0,1000.0,0,02:00 PM,Subscription: T+0; Redemption: T+0 (end of day),0.50% p.a.,,91-day Treasury Bill net of tax																						,BPI SHORT TERM FUND,Money Market Fund,163.04,BPI WEALTH,https://www.uitf.com.ph/daily_navpu_details.php?fund_id=48&bank_id=3,2.9104
2017-09-05,PHP,Moderate,10000.0,,10000.0,10000.0,0,02:30 PM,One (1) banking day after notice of redemption is received (T + 1),0.25% p.a.,,Bloomberg BPHIL Money Market Index	,BDO SHORT TERM FUND,Money Market Fund,116.2426,"BDO Unibank, Inc.",https://www.uitf.com.ph/daily_navpu_details.php?fund_id=305&bank_id=6,2.5425
2005-04-01,PHP,Moderate,10000.0,,10000.0,10000.0,0,11:30 AM,After 4:00 p.m. on the same banking day the notice of redemption is received (T + 0),0.50% p.a.,,1 year rolling Peso Time Deposit Average							,BDO PESO MONEY MARKET FUND,Money Market Fund,1715.4635,"BDO Unibank, Inc.",https://www.uitf.com.ph/daily_navpu_details.php?fund_id=128&bank_id=6,2.7111
2011-11-25,PHP,Moderate,0.0,,0.0,0.0,0,11:30 AM,After 4:00 p.m. on the same banking day the notice of redemption is received (T + 0),,,1 year rolling Peso Time Deposit Average													,BDO INSTITUTIONAL CASH RESERVE FUND,Money Market Fund,129.7176,"BDO Unibank, Inc.",https://www.uitf.com.ph/daily_navpu_details.php?fund_id=135&bank_id=6,3.1348
2013-08-16,PHP,Conservative,10000.0,,1000.0,10000.0,7,11:30 AM,T+1,0.25% p.a. based on the Net Asset Value (NAV) accrued daily,5% of the redeemed amount,Three-month yield based on the PHP BVAL at the start of the quarter																							,DIVERSITY MONEY MARKET FUND,Money Market Fund,1.193569,Bank of Commerce,https://www.uitf.com.ph/daily_navpu_details.php?fund_id=184&bank_id=5,2.2306
2013-12-16,PHP,Conservative,1.0,,1.0,0.0,0,11:00 AM,"Subscription: T + 0 business days, Redemption T + 1 business day",0.50% p.a.,none,30-day Philippine Special Savings Rate												,ATRAM Peso Money Market Fund,Money Market Fund,115.271082,ATRAM Trust Corporation,https://www.uitf.com.ph/daily_navpu_details.php?fund_id=203&bank_id=31,2.9804
2013-10-30,PHP,Moderate,10000.0,,1000.0,10000.0,30,12:00 PM,T + 1 day,0.30% per annum based on the Net Asset Value (NAV),0.5% of amount redeemed,30 day Tbills									,Peso Money Market Fund,Money Market Fund,123.93387,Asia United Bank,https://www.uitf.com.ph/daily_navpu_details.php?fund_id=196&bank_id=4,3.4655
2005-04-29,USD,Moderate,500.0,,500.0,500.0,0,11:30 AM,After 4:00 p.m. on the same banking day the notice of redemption is received (T + 0),0.50% p.a.,,1 year rolling USD Time Deposit Average																,BDO DOLLAR MONEY MARKET FUND,Money Market Fund,149.1997,"BDO Unibank, Inc.",https://www.uitf.com.ph/daily_navpu_details.php?fund_id=137&bank_id=6,2.2523
2021-10-05,PHP,Conservative,1000.0,,1000.0,1000.0,0,11:00 AM,T + 1 Banking Days,0.50% as a % p.a. of the NAV,,91-day T-Bill Rate				,Manulife Money Market Fund (Class A),Money Market Fund,1.0495,Manulife Investment Management and Trust Corporation,https://www.uitf.com.ph/daily_navpu_details.php?fund_id=431&bank_id=39,3.4194
2006-11-17,PHP,Conservative,1000.0,,1000.0,1000.0,7,01:30 PM,T+1,.50%,5%,"	Philippine
Dealing
System
Treasury
Reference
Rate 1 for
inception to
February
2007,
Philippine
Dealing
System
Treasury
Reference
Rate 2 for
March 2007 to
October 2018
and 3-Month
Bloomberg
Valuation
Reference
Rate of
November
2018 ",LANDBANK Cash Management Fund,Money Market Fund,1.455773,LandBank of the Philippines,https://www.uitf.com.ph/daily_navpu_details.php?fund_id=460&bank_id=9,2.6543
2016-08-01,PHP,Moderate,5000.0,,1000.0,5000.0,30,12:00 PM,T+1,0.50%,25% of net earnings (P500 minimum),"Percentage change in the Bloomberg Philippine Sovereign Bond Index Money Market*  or, in its absence, any relevant and industry-accepted benchmark

*Priced using PDEx�s (Philippine Dealing Exchange Corporation) PDSS-R2
		",LANDBANK Money Market Plus Fund,Money Market Fund,1.142929,LandBank of the Philippines,https://www.uitf.com.ph/daily_navpu_details.php?fund_id=282&bank_id=9,2.6435
2012-03-27,PHP,Conservative,5000.0,,1000.0,5000.0,7,12:00 PM,T + 1,0.20%,25% of net earnings (P500 minimum),"Percentage change in the Bloomberg Philippine Sovereign Bond Index Money Market*  or, in its absence, any relevant and industry-accepted benchmark

*Priced using PDEx�s (Philippine Dealing Exchange Corporation) PDSS-R2					",LANDBANK Money Market Fund,Money Market Fund,1.226111,LandBank of the Philippines,https://www.uitf.com.ph/daily_navpu_details.php?fund_id=100&bank_id=9,3.1947
2016-06-21,PHP,Moderate,10000.0,,1000.0,10000.0,0,12:00 PM,T+1,0.25% p.a of the market value of the fund,Not applicable,"Bloomberg Philippine Sovereign Bond Index Money Market, Adjusted.								",EastWest Peso Money Market Fund,Money Market Fund,118.1739,EastWest Banking Corporation,https://www.uitf.com.ph/daily_navpu_details.php?fund_id=287&bank_id=8,2.8666
2013-10-30,PHP,Conservative,10000.0,,10000.0,10000.0,30,11:00 AM,T + 1,0.25%,0.50%,								,CTBC Money Market Fund,Money Market Fund,1.2117,CTBC Bank (Philippines) Corp.,https://www.uitf.com.ph/daily_navpu_details.php?fund_id=237&bank_id=36,2.7213
2019-10-08,USD,Moderately Conservative,1000.0,,0.0,0.0,0,02:00 PM,T+1,0.5% per annum,0,(50%) Bloomberg EM USD Aggregate Philippines Sovereign 1-3 Index (“I35423 Index”) + (50%) Philippine Bank’s USD TD 															,UnionBank USD Short Term Fixed Income Fund,Money Market Fund,1.081549,Union Bank,https://www.uitf.com.ph/daily_navpu_details.php?fund_id=368&bank_id=13,3.8155
2005-03-28,USD,Conservative,200.0,,100.0,200.0,0,11:00 AM,T+1,0.50% based on NAV,,Average 3-month U.S. Treasury Bill																							,RCBC DOLLAR MONEY MARKET FUND,Money Market Fund,1.463225,Rizal Commercial Banking Corporation,https://www.uitf.com.ph/daily_navpu_details.php?fund_id=77&bank_id=11,3.8764
2019-10-28,USD,Conservative,1000000.0,,1000.0,1000000.0,0,02:30 PM,T + 3 business days,0.25%,,Philippine Dollar Deposit Rates Savings Index				,PRUInvest USD Liquid Fund (Class I),Money Market Fund,1.035,Pru Life UK Investments,https://www.uitf.com.ph/daily_navpu_details.php?fund_id=373&bank_id=41,2.5158
2019-10-28,USD,Conservative,1000.0,,100.0,1000.0,0,02:30 PM,T + 3 business days,0.50%,,Philippine Dollar Deposit Rates Savings Index		,PRUInvest USD Liquid Fund (Class A),Money Market Fund,1.0263,Pru Life UK Investments,https://www.uitf.com.ph/daily_navpu_details.php?fund_id=372&bank_id=41,2.3536
2011-03-07,USD,Conservative,100.0,Class I - USD 500 (via any PNB Branch) Class II - USD 100 (via PNB UITF Online),100.0,100.0,30,11:00 AM,T+1,0.25% p.a. of fund value,"50% of income earned, if any",Philippine Dollar Deposit Rates Savings Deposit												,PNB PRIME DOLLAR MONEY MARKET FUND,Money Market Fund,1.147374,Philippine National Bank,https://www.uitf.com.ph/daily_navpu_details.php?fund_id=9&bank_id=2,2.6238
2022-10-14,USD,Conservative,500.0,,500.0,500.0,30,11:00 AM,T+3,0.50% p.a.,0.125% of redemption value,PH USD Deposit Rates (PPSDUS$ Index)										,PBCOM USD MONEY MARKET FUND,Money Market Fund,102.4022,Philippine Bank of Communications,https://www.uitf.com.ph/daily_navpu_details.php?fund_id=458&bank_id=10,1.9141
2018-06-18,USD,Conservative,500.0,,100.0,500.0,7,12:00 PM,T + 1,0.375% p.a. based on Net Asset Value (NAV) ,50% of income earned from the redeemed amount,Philippines Dollar Deposit Rates Savings Deposits (PPSDUS$)																,Metro$ Money Market Fund,Money Market Fund,1.066293,Metropolitan Bank & Trust Co.,https://www.uitf.com.ph/daily_navpu_details.php?fund_id=328&bank_id=1,2.4128
2007-03-01,USD,Moderate,500.0,,100.0,500.0,7,12:00 PM,T + 1,0.50% p.a. based on Net Asset Value (NAV),50% of income on redeemed amount,3-Mo. US Treasury Bill Yield (net of taxes)																,Metro$ Short Term Fund,Money Market Fund,1.397699,Metropolitan Bank & Trust Co.,https://www.uitf.com.ph/daily_navpu_details.php?fund_id=43&bank_id=1,2.3207
2022-09-15,USD,Conservative,1000.0,,500.0,1000.0,30,01:30 PM,T+3,.25%,5%,"		HSBC USD
Deposit Index		",LANDBANK US$ Money Market Fund,Money Market Fund,1.359238,LandBank of the Philippines,https://www.uitf.com.ph/daily_navpu_details.php?fund_id=466&bank_id=9,1.8397
2019-04-08,USD,Conservative,500.0,,100.0,500.0,5,12:00 PM,T+1,0.15% per annum based on the Net Asset Value (NAV) of the Fund before trust fee for the day,1.5% per annum of the proceeds,Bloomberg US Treasury Bills 3-6 months (formerly Bloomberg Barclays US Treasury Bills 3-6 months)							,CHINA BANK DOLLAR CASH FUND (formerly DOLLAR MONEY MARKET FUND),Money Market Fund,1.056089,China Banking Corporation,https://www.uitf.com.ph/daily_navpu_details.php?fund_id=359&bank_id=7,2.819
1994-08-30,USD,Moderately Conservative,100.0,,0.0,100.0,0,02:00 PM,Subscription: T+0; Redemption: T+0 (end-of-day),0.50% p.a.,,3-month U.S. Treasury Bill						,BPI US DOLLAR SHORT TERM FUND,Money Market Fund,323.81,BPI WEALTH,https://www.uitf.com.ph/daily_navpu_details.php?fund_id=55&bank_id=3,2.9968
2013-03-20,PHP,Moderate,25000.0,,10000.0,25000.0,30,12:00 PM,T + 3,1.25% PA,1.00% of the Principal,						,AB CAPITAL BALANCED FUND,Multi-Asset Fund,1.110181,AB Capital Asset Management,https://www.uitf.com.ph/daily_navpu_details.php?fund_id=186&bank_id=29,4.3394
2010-12-08,PHP,Aggressive,5000.0,,1000.0,5000.0,30,11:00 AM,T+3,1.00% p.a. ,0.25% of redemption value,PSE/Bloomberg Philippines Sovereign Bond Index AI (BPHILR Index)				,PBCOM BEST BALANCED FUND,Multi-Asset Fund,115.2704,Philippine Bank of Communications,https://www.uitf.com.ph/daily_navpu_details.php?fund_id=36&bank_id=10,2.068
2005-04-08,PHP,Aggressive,10000.0,,1000.0,10000.0,7,12:00 PM,T + 3,2.00% p.a. based on Net Asset Value (NAV),50% of income on redeemed amount,60% Philippine Stock Exchange Index (PSEi) and 40% Markit iBoxx ALBI Philippines 1-5												,Metro Balanced Fund,Multi-Asset Fund,3.143607,Metropolitan Bank & Trust Co.,https://www.uitf.com.ph/daily_navpu_details.php?fund_id=41&bank_id=1,-0.93
2007-03-05,PHP,Aggressive,1000.0,,1000.0,1000.0,30,01:30 PM,T+3,1.75%,5%,"		Composite
return of the
Philippine
Stock
Exchange
Index,
Bloomberg
Philippines
Sovereign
Bond Index
(net) and
30-day
Average
Special
Savings Rate
(net).		",LANDBANK Balanced Fund,Multi-Asset Fund,2.364502,LandBank of the Philippines,https://www.uitf.com.ph/daily_navpu_details.php?fund_id=459&bank_id=9,-4.0531
2006-03-24,PHP,Aggressive,5000.0,,1000.0,5000.0,30,12:00 PM,T + 3,1.25%,25% of net earnings (P500 minimum),"Simple average of the percentage change in the following indices 

a. Bloomberg Government Bond Index AI (All in)*; and 
b. Closing Philippine Stock Exchange Index (PSEi) 

*Priced using PDEx�s (Philippine Dealing Exchange Corporation) PDSS-R2
				",LANDBANK Growth Fund,Multi-Asset Fund,2.39211,LandBank of the Philippines,https://www.uitf.com.ph/daily_navpu_details.php?fund_id=98&bank_id=9,0.8068
2011-02-18,PHP,Aggressive,5000.0,,1000.0,5000.0,30,12:00 PM,T + 3,1.0% per annum based on the Net Asset Value (NAV) of the Fund before trust fee for the day,1.0% of the amount redeemed,60% Philippine Stock Exchange Index (PSEI) + 40% Bloomberg Phil Sovereign Bond Index 1 to 5 Year (BPHIL15)															,CHINA BANK BALANCED FUND,Multi-Asset Fund,1.524892,China Banking Corporation,https://www.uitf.com.ph/daily_navpu_details.php?fund_id=145&bank_id=7,-1.1329
2018-07-20,PHP,Moderately Aggressive,10000.0,,1000.0,10000.0,0,02:00 PM,Subscription: T+0; Redemption: T+2 (end of day),0.30% p.a.,,"90% BPI Philippine Government Bond 1-3 Year Index and 10% PSEI, net of tax				",BPI BAYANIHAN BALANCED FUND,Multi-Asset Fund,115.43,BPI WEALTH,https://www.uitf.com.ph/daily_navpu_details.php?fund_id=345&bank_id=3,2.1152
2006-05-12,PHP,Aggressive,10000.0,,5000.0,10000.0,0,02:00 PM,Subscription: T+1; Redemption: T+2 (end of day),1.50% p.a.,,"50% BPI Philippine Government Bond Index 
50% Philippine Stock Exchange Index							",ODYSSEY DIVERSIFIED BALANCED FUND,Multi-Asset Fund,194.5,BPI WEALTH,https://www.uitf.com.ph/daily_navpu_details.php?fund_id=62&bank_id=3,0.1136
2006-12-04,PHP,Aggressive,10000.0,,5000.0,10000.0,0,02:00 PM,Subscription: T+1; Redemption: T+2 (end of day),1.50% p.a.,,"70% BPI Philippine Government Bond Index
30% Philippine Stock Exchange Index						",ODYSSEY DIVERSIFIED CAPITAL FUND,Multi-Asset Fund,186.4,BPI WEALTH,https://www.uitf.com.ph/daily_navpu_details.php?fund_id=61&bank_id=3,1.6046
2005-04-04,PHP,Aggressive,10000.0,,1000.0,10000.0,0,02:00 PM,Subscription: T+0; Redemption: T+2 (end of day),1.50%  p.a.,,50% Philippine Stock Exchange Index and 50% BPI Philippine Government Bond 1-5 Year Index																		,BPI BALANCED FUND,Multi-Asset Fund,161.34,BPI WEALTH,https://www.uitf.com.ph/daily_navpu_details.php?fund_id=52&bank_id=3,-1.6395
2022-08-31,PHP,Moderately Aggressive,1000.0,,1000.0,1000.0,0,03:00 PM,"Subscription: T + 0 business days, Redemption: T + 4 business days",1.00% per annum,none,"5-year Government Bond Yield + 70 bps, reset annually",ATRAM Peso Diversified Income Fund,Multi-Asset Fund,99.532275,ATRAM Trust Corporation,https://www.uitf.com.ph/daily_navpu_details.php?fund_id=455&bank_id=31,-0.3869
2011-02-15,PHP,Aggressive,100000.0,,0.0,0.0,0,02:00 PM,T+4,"2% per annum on equity holdings, 1% per annum on fixed income holdings","0.25% of redeemed amount or PHP 500, whichever is higher",(50%) Bloomberg Philippine Sovereign Bond Index AI (“BPHILR”) + (50%) Philippine Stock Exchange Index 										,UnionBank PHP Balanced Fund,Multi-Asset Fund,139.909119,Union Bank,https://www.uitf.com.ph/daily_navpu_details.php?fund_id=89&bank_id=13,-2.3025
2013-05-20,PHP,Aggressive,5000.0,,1000.0,1000.0,30,11:30 AM,T + 3,1.25% p.a.,0.50% of the net proceeds,The Fund aims to achieve a rate of return based on the prevailing PDST-R2 rate plus 0.25% to 1% on the three year tenors and on the moving average of the Philippine Stock Exchange�s PHISIX.					,Sterling Balanced Fund,Multi-Asset Fund,112.30761,Sterling Bank of Asia,https://www.uitf.com.ph/daily_navpu_details.php?fund_id=207&bank_id=33,-0.3995
2006-10-09,PHP,Aggressive,10000.0,,5000.0,5000.0,0,01:30 PM,T + 4,1.5% p.a.,,"50% PSEi, 50% Markit iBoxx ALBI PH											",SB PESO ASSET VARIETY FUND,Multi-Asset Fund,1.957033,Security Bank Corporation,https://www.uitf.com.ph/daily_navpu_details.php?fund_id=85&bank_id=12,0.1606
2008-03-28,PHP,Moderate,5000.0,,1000.0,5000.0,15,12:00 PM,T+4 days,1.50% p.a.,1/2% of redemption amount or P500.00 whichever is higher,50% PSEi & 50% Bloomberg Sovereign Bond Index (BPHIL 1-5 yrs) 										,RBank Balanced Fund,Multi-Asset Fund,132.22387,Robinsons Bank,https://www.uitf.com.ph/daily_navpu_details.php?fund_id=212&bank_id=34,0.1046
